<?xml version="1.0" encoding="UTF-8" ?>
<!DOCTYPE mapper
        PUBLIC "-//mybatis.org//DTD Mapper 3.0//EN"
        "http://mybatis.org/dtd/mybatis-3-mapper.dtd">
<mapper namespace="com.example.springbootmydemo.mapper">
    <select id="queryUserByUp" resultType="User">
        select * from user where username = #{username} AND password = #{password}
    </select>

    <select id="queryUserList" resultType="User">
        select * from user
    </select>

    <select id="queryUserByUserName" resultType="User">
        select * from user where username = #{username}
    </select>

    <insert id="addUser" parameterType="User">
        insert into user (username,password) values (#{username},#{password})
    </insert>



</mapper>
